SQAF,/jpw/Supervisor+-+Realtime+Values
rgAF,/jpw/Supervisor+and+Wallboard+Content
rAAF,/jpw/Supervisor+-+Today's++Statistics
twAF,/jpw/Supervisor+-+Inbound+Media+Events
xwAF,/jpw/Supervisor+-+Wallboard+Total
BAEF,/jpw/Supervisor+-+Wallboard+Graphics
DAEF,/jpw/Supervisor+-+Group+Details
TgAF,/jpw/jtel+Portal+WIKI
FwEF,/jpw/ACD-002+-+ACD+Statistics+Itemised+Call+Details
iwAF,/jpw/ACD-A-009+-+ACD+Agent+Status+Report
hAAF,/jpw/ACD-G-007+-+ACD+Caller+Report
fAAF,/jpw/ACD-A-012+-+ACD+Agents+Call+Reason+Report
lgAF,/jpw/ACD-G-008+-+ACD+Group+Call+Reason+Report
agEF,/jpw/ACD-G-006+-+ACD+Group+Status+Report
zgAF,/jpw/ACD-G-010+-+ACD+Statistics+Group+Calls
0gAF,/jpw/ACD-A-014+-+ACD+Supervisor+and+Agents+Login+Report
0wAF,/jpw/ACD-004+-+ACD+Clients+Report
2QAF,/jpw/IVR-002+-+Call+Origin
1gAF,/jpw/Restore+MySQL+Master+Slave+Replication
EQEF,/jpw/ACD-TAC-004+-+ACD+Transaction+Code+Input+Report
mAAF,/jpw/ACD-TAC-001+-+ACD+Transaction+Code+Report+and+variant
qQAF,/jpw/ACD-005+-+ACD+Inboxes+Itemised+Details
CAEF,/jpw/ACD-G-009+-+ACD+Inboxes+Groups+Report
EgEF,/jpw/The+Role+Model+of+the+jtel+System
IgEF,/jpw/Role+LB+-+Certificates+for+load+balancers
EwEF,/jpw/Supervisor+-+Threshold+values+for+tiles
mwAF,/jpw/VMWare+ESXi+Installation
2gAF,/jpw/Reporting+API
1wAF,/jpw/UI+Widgets+(XML+definitions)
zwAF,/jpw/Overview
pAAF,/jpw/Introduction
oQAF,/jpw/Access+and+Login
ogAF,/jpw/The+User+Interface
swAF,/jpw/ACD
qAAF,/jpw/Planning+the+ACD
tgAF,/jpw/Some+Basic+Terms
_wAF,/jpw/Entry+Points
sAAF,/jpw/Check+Points
rwAF,/jpw/The+Queue
sQAF,/jpw/Agent+Status
AwEF,/jpw/Telephone+Status
AQEF,/jpw/Configuring+the+ACD
AgEF,/jpw/Users
AAEF,/jpw/Groups+and+Rules
-AAF,/jpw/Copy+Group
_QAF,/jpw/Editing+groups+and+creating+rules
CwEF,/jpw/Skills
CQEF,/jpw/Creating+skills
IQAF,/jpw/Skill+assignments
HAAF,/jpw/Agents+Status
IwAF,/jpw/Free-Seating+Whitelist
GgAF,/jpw/Media+Events
GAAF,/jpw/Inboxes+and+edit+e-mails
GQAF,/jpw/Junk+Groups
FwAF,/jpw/Edit+Service+Numbers
NgAF,/jpw/Transaction-Codes
NwAF,/jpw/Logging,+Statistics+and+Reports
NAAF,/jpw/Call-Flow+Logging
MgAF,/jpw/Reports
MQAF,/jpw/Login+und+Logout
JQAF,/jpw/ACD+Supervisor
KwAF,/jpw/Mappings
KAAF,/jpw/Types+Overview
WQAF,/jpw/Creating+and+editing+web+messages
ZgAF,/jpw/Working+as+an+Agent+(using+a+Browser)
WwAF,/jpw/Logging+In
XQAF,/jpw/Agent+Home
WgAF,/jpw/Group+Details
LAAF,/jpw/Web+Messages
bQAF,/jpw/Working+as+an+Agent+(using+the+telephone)
agAF,/jpw/Logging+In+and+Management
awAF,/jpw/Call+Handling
YQAF,/jpw/IVR
bgAF,/jpw/IVR+Example+Program+1
bwAF,/jpw/Requirements
bAAF,/jpw/Create+a+routing+application
YgAF,/jpw/Edit+routing
YwAF,/jpw/Allocate+routing
YAAF,/jpw/Test+und+Logging
ZwAF,/jpw/Setup+Voice+Mail
ZAAF,/jpw/End+Call+Actions+and+Test
ZQAF,/jpw/Call+Routing
PQAF,/jpw/Objects
cQAF,/jpw/Variables
PgAF,/jpw/Lists
dAAF,/jpw/IVR+Example+Program+2+-+Lists+and+Variables
dQAF,/jpw/Routing+Applications
cgAF,/jpw/Create+routing+application
cAAF,/jpw/Editing+Routing+Applications
aAAF,/jpw/Working+with+the+Routing+Editor
dgAF,/jpw/IVR+Statistics+Markers
dwAF,/jpw/Object+Reference
RAAF,/jpw/Offhook
RQAF,/jpw/ACD+/+Automatic+Call+Distribution
OQAF,/jpw/Refuse+Call
RgAF,/jpw/End+Call+Actions
RwAF,/jpw/Hangup
OAAF,/jpw/Recording
OwAF,/jpw/Save+Recording(s)
VgAF,/jpw/Play+Recording(s)
VAAF,/jpw/Play+Voice
VQAF,/jpw/Play+Tarif
SwAF,/jpw/Play+Variable
SAAF,/jpw/User+search
TAAF,/jpw/Cockpit-Variable
TQAF,/jpw/Input+Menu+DTMF
SgAF,/jpw/Input+Menu+DTMF+++ASR
QgAF,/jpw/Input+Digits+DTMF
QQAF,/jpw/Input+Digits+DTMF+++ASR
TwAF,/jpw/E-Mail
uQAF,/jpw/GOSUB
ugAF,/jpw/GOTO
vgAF,/jpw/Hotbutton
uwAF,/jpw/http+Request
vAAF,/jpw/Junk+Call+Test
UQAF,/jpw/Cost+free+queueing
vQAF,/jpw/List+Lookup
UgAF,/jpw/List+Functions
UwAF,/jpw/OnFaxTone+Actions
JAEF,/jpw/RETURN
IQEF,/jpw/Number+Suppressed
JQEF,/jpw/Callback+Create
JgEF,/jpw/Start
IwEF,/jpw/Set+Statistics-Marker
GgEF,/jpw/Origin+AT-Details
GAEF,/jpw/Origin+AT-Prefix
GwEF,/jpw/Origin+CH-Details
HAEF,/jpw/Origin+CH-Prefix
GQEF,/jpw/Origin+D-State
NQEF,/jpw/Origin+D-Area+Code
NgEF,/jpw/Declare+Variable
KQEF,/jpw/Connect
JwEF,/jpw/Connect+with+Recording
KAEF,/jpw/Branch+Holiday
LgEF,/jpw/Branch+Opening+Hours
KwEF,/jpw/Branch+Percentage
LAEF,/jpw/Branch+Sequence
IAEF,/jpw/Comparison
hgEF,/jpw/Loop
hwEF,/jpw/SMS
hAEF,/jpw/String+functions
egEF,/jpw/Routing+Plans
ewEF,/jpw/Creating+a+Routing+Plan+and+Rules
eAEF,/jpw/Editing+a+Routing+Plan+and+Rules
eQEF,/jpw/Conference+Server
MAEF,/jpw/Preparing+a+Conference
fgEF,/jpw/Creating+Conferences
fAEF,/jpw/The+Conference+Wizard
fQEF,/jpw/Editing+Conferences
NAEF,/jpw/Holding+Conferences
MQEF,/jpw/The+Monitor
MgEF,/jpw/Participant+Dial-In
kwEF,/jpw/DTMF-Codes
kQEF,/jpw/Managing+a+Conference
XQEF,/jpw/Controlling+Sub+Conferences
XgEF,/jpw/Conference+Management
lwEF,/jpw/Conference+Statistics
lAEF,/jpw/Conference+PINs
lQEF,/jpw/PIN+Statistics
kgEF,/jpw/Conference+Recording+PINs
jQEF,/jpw/Presentations
iwEF,/jpw/Administration
iAEF,/jpw/Prompt+Management
lgEF,/jpw/Prompts
hQEF,/jpw/Create+a+Prompt
gwEF,/jpw/Editing+a+Prompt
jgEF,/jpw/Prompt+Types
jwEF,/jpw/Tarif+Prompts
WAEF,/jpw/TTS+Exception+Lexica
ZQEF,/jpw/User+Data
ZgEF,/jpw/Creating+Users
WQEF,/jpw/Editing+Users
WgEF,/jpw/Security+Groups
VwEF,/jpw/Creating+Security+Groups
WwEF,/jpw/Editing+Security+Groups
XAEF,/jpw/User+Master+Data
cgEF,/jpw/Client+Master++Data
bwEF,/jpw/User+Data+...User+Search
cAEF,/jpw/Hot_button
gwAF,/jpw/Logging
dQEF,/jpw/Alarms
dgEF,/jpw/Call-Log
cwEF,/jpw/Call-Log-Analyse
cQEF,/jpw/Data+Change-Log
awEF,/jpw/E-Mail-Log
bAEF,/jpw/Bad+Login+Log
aQEF,/jpw/Locked+Users
ZwEF,/jpw/Locked+IP+Addresses
YgEF,/jpw/Messaging
XwEF,/jpw/Call+Recordings
bQEF,/jpw/SMTP
igAF,/jpw/Voice-Mails
hwAF,/jpw/Number+Management
iAAF,/jpw/Cause+Codes
egAF,/jpw/Restricted+Numbers
jAAF,/jpw/Country+Codes
ggAF,/jpw/Area+Codes
eAAF,/jpw/SMS+Receive+Connectors
jQAF,/jpw/Service+Number+Status
jgAF,/jpw/PBX+Users
lQAF,/jpw/Traffic+Management+Policies
lAAF,/jpw/Destination+Numbers
PAEF,/jpw/Destination+Number+Status
OQEF,/jpw/System+Settings
NwEF,/jpw/Cockpit+Variables
RQEF,/jpw/Creating+Cockpit+Variables
7wAF,/jpw/Editing+Cockpit+Variables
8AAF,/jpw/Email+Addresses
8wAF,/jpw/Contact+Class
8QAF,/jpw/System+Settings+-+Lists
8gAF,/jpw/List+Import+FTP
5wAF,/jpw/List+Upload+FTP
6AAF,/jpw/Opening+Times
9QAF,/jpw/Locations
9gAF,/jpw/Texts
PwEF,/jpw/Long+Texts
TQEF,/jpw/ACD+Glossary
5QAF,/jpw/Session-Log
4QAF,/jpw/User+Settings
4wAF,/jpw/Supported+Browsers
5gAF,/jpw/Supervisor+Grid+Settings
DwEF,/jpw/Moving+a+Server+from+ESXi+Server+to+another+ESXi+Server
zAAF,/jpw/CentOS+7+-+Basic+installation+as+VM+with+.ISO+image
ygAF,/jpw/CentOS+7+-+After+basic+installation
PwAF,/jpw/Dialler
PAAF,/jpw/Dialler+Contacts+-+Legacy+Import+/+Export+Format
FgEF,/jpw/SSL/TLS+Certificates+-+Self-signed+certificate
FAEF,/jpw/Restore+MySQL+Master-Master+Replication
EAEF,/jpw/SIP+Responses+/+ISDN+Cause+Codes
3QAF,/jpw/SalesForce+Integration
3AAF,/jpw/First+Steps
2wAF,/jpw/Call+Center+Adapter+Installation
rQAF,/jpw/Roles+and+Rights
5AAF,/jpw/Change+logo+and+colours
OgAF,/jpw/Extension+of+the+role+STORE+(LVM+not+redundant)
cwAF,/jpw/Scenarios
aQAF,/jpw/DRBD+-+Maintenance+and+Resolve+Split+Brain+or+Node+Errors
WAAF,/jpw/Logon+as+Wallboard
XAAF,/jpw/Starting+Up+and+Shutting+Down
XgAF,/jpw/APIs
LQAF,/jpw/Diverses+/+Various
LgAF,/jpw/Operations
JAAF,/jpw/SOAP+API
JwAF,/jpw/TTS
JgAF,/jpw/CereProc+TTS
KgAF,/jpw/CentOS+7.x+++Windows+Server+2016+/+2012+R2
IgAF,/jpw/getCallerInformation
FAAF,/jpw/Client+Master+Data
FgAF,/jpw/Apex+REST+APIs
GwAF,/jpw/Connected+App+Configuration
BwEF,/jpw/Sample+Apex+Class+getCallerInformation
CgEF,/jpw/Testing+with+CURL
-wAF,/jpw/IVR+Object+getCallerInformation
BgEF,/jpw/SalesForce+-+Introduction
9wAF,/jpw/writeCallStatistics
_gAF,/jpw/Sample+Apex+Class+writeCallStatistics
-gAF,/jpw/Micro+Client
-QAF,/jpw/onClickToDial
sgAF,/jpw/Sample+Apex+Class+onClickToDial
tAAF,/jpw/Role+STORE+-+DRBD+File+System+(Redundant+no+LVM)
oAAF,/jpw/Redundancy+-+Installing+PCS+Cluster
owAF,/jpw/Role+STORE+-+Install+Applications+and+Data
pQAF,/jpw/Linking+STORE+(All+Linux+except+STORE)
lwAF,/jpw/Role+DATA+-+All+Variants
mQAF,/jpw/Role+DATA+-+Simple+Master+/+Slave
ngAF,/jpw/Role+DATA+-+Installation+PlatformUDPListener
0AAF,/jpw/Role+DATA+-+Backup+(on+one+of+the+MASTER+servers,+old+manual+with+automysqlbackup)
0QAF,/jpw/Role+DATA+-+Initial+setup+of+the+system+data
1QAF,/jpw/Rolle+DATA+-+Master+/+Master+++2+Slaves+(Redundanz)
ywAF,/jpw/Role+DATA+-+Initial+setup+of+the+replication
wAAF,/jpw/Grundinstallation
vwAF,/jpw/Rolle+DATA
wgAF,/jpw/Rolle+STORE
wQAF,/jpw/Redundancy
xAAF,/jpw/Role+WEB
xgAF,/jpw/Rolle+LB
uAAF,/jpw/Role+LB+-+Redundant
HgEF,/jpw/Role+LB+-+Not+Redundant
HQEF,/jpw/Role+LB+-+All+Variants
TwEF,/jpw/Role+LB+-+Adjust+haproxy+configuration
UQEF,/jpw/Rolle+TEL+-+Installation+als+Anwendung
VAEF,/jpw/Checklist+Installation+Customer+System
UwEF,/jpw/Windows+base+system
VgEF,/jpw/Release+Notes
RwEF,/jpw/Older+Releases+-+3.09+and+previous
QQEF,/jpw/Database+Operations
OgEF,/jpw/Rolle+TEL
PQEF,/jpw/Role+TEL+-+Installation+as+service
9AAF,/jpw/Role+CHAT
kQAF,/jpw/Role+STORE+-+LVM+(Non+Redundant)
hgAF,/jpw/Campaigns
hQAF,/jpw/Dialler+Operation
iQAF,/jpw/Result+Codes
YwEF,/jpw/Linux+Firewall
kAEF,/jpw/Aculab+Licences
igEF,/jpw/System+Administration
jAEF,/jpw/Working+as+System+Administrator
gQEF,/jpw/Parameters
ggEF,/jpw/Trunks+and+Trunk+Groups
fwEF,/jpw/SalesForce+Dataloader
LwEF,/jpw/Clients
MwEF,/jpw/Service+Numbers+(sysadmin)
6gAF,/jpw/Feiertagslisten+/+Holidays
6QAF,/jpw/Holidays+Germany
7AAF,/jpw/VMWare+Operations
7gAF,/jpw/Infrastructure+and+Operations
7QAF,/jpw/Server+Specification
4AAF,/jpw/Installation
3wAF,/jpw/Cloning+a+VM+from+the+ESXi+Command+Line
4gAF,/jpw/ESXi+-+Enable+Outgoing+SSH+connections
VwAF,/jpw/Remote+telephony
MAAF,/jpw/Role+STORE+-+DRBD+File+System+(Redundant+with+LVM)
HgAF,/jpw/Role+STORE+-+Increase+File+System+Size+(Redundant+DRBD+on+LVM)
IAAF,/jpw/STORE+-+Increase+Space
DgEF,/jpw/JTELStats2
DQEF,/jpw/CompressedA
BQEF,/jpw/SMTP+Settings
tQAF,/jpw/CompressedUA
pwAF,/jpw/CompressedU
pgAF,/jpw/User+Profiles
1AAF,/jpw/ODBC+Data+Sources
yAAF,/jpw/Oracle
zQAF,/jpw/Nexus+RIS+Integration
UAEF,/jpw/Functionality+of+Distribution
SgEF,/jpw/CentOS+7+-+Grundinstallation+in+Azure
SQEF,/jpw/Grundinstallation+VM+oder+Physische+Maschine
TAEF,/jpw/Grundinstallation+Azure+Cloud
RgEF,/jpw/Role+PRES
OAEF,/jpw/NFON+Connector
bgEF,/jpw/Set+up+MySQL+user+for+customer+statistics+access
YQEF,/jpw/CRM+URL
zQAh,/jpw/DATA+-+Move+MySQL+to+new+partition+and+increase+size
1gAh,/jpw/LDAP+Debuging+Tools
5gAh,/jpw/Role+STORE+-+Increase+File+System+Size+(Redundant+DRBD+without+LVM)
-gAh,/jpw/Import+Export+Schemes
AwEh,/jpw/Wireshark+Tracing
aQEh,/jpw/Variable+Dump
cwEh,/jpw/Last+Call+Information
iwEh,/jpw/Lightning
qQEh,/jpw/Swyx+PBX+-+Connect+to+jtel+System
qwEh,/jpw/Swyx+Connector
5gEh,/jpw/Database+Cleaning
7AEh,/jpw/Role+DATA+-+Cleaner+(on+the+MASTER+server+that+creates+the+backup)
-QEh,/jpw/SSL/TLS+Certificates+-+OCSP+stapling
JgIh,/jpw/Normal+operation
NAIh,/jpw/FAQ+and+HowTo+/+Examples
NgIh,/jpw/Outbound+Call+from+ACD+Client+(Full-Client+or+Mini-Client)+-+Error+message+No+Free+Line
QAIh,/jpw/REST+Query+Advanced
SQIh,/jpw/Target
UAIh,/jpw/Jump+to+Target
XgIh,/jpw/Log+Entry
aQIh,/jpw/Connect+PBX+Users
fQIh,/jpw/Report+Subscription+https
hgIh,/jpw/CONNRES
kQIh,/jpw/Update+MySQL+from+5.6+to+8.0
lgIh,/jpw/Updates+and+Upgrades
wQIh,/jpw/Linux+firewalld+Configuration+for+DSCP
2gIh,/jpw/SMS+Receiver+API
5wIh,/jpw/New+Repository+Locations
AQMh,/jpw/Connecting+PBX+Systems
DQMh,/jpw/Cisco+Unified+Communications+Manager
IwMh,/jpw/Innovaphone+PBX
ywMh,/jpw/Release+3.14
zQMh,/jpw/Release+3.12
0wMh,/jpw/Release+3.11
1QMh,/jpw/Release+3.10
1wMh,/jpw/Release+3.15
2QMh,/jpw/Release+3.16
dAQh,/jpw/Mini+Client+APIs
jAQh,/jpw/In+Progress
kAQh,/jpw/Call+Flow+and+Statistics
zAQh,/jpw/Outbound+Calls+(Click+to+Dial)
CgUh,/jpw/Call+Recordings+-+Save+to+File+Share
EQUh,/jpw/Save+addit.+Info+and+Userdata
IQUh,/jpw/ASR
IwUh,/jpw/Lumenvox
bAUh,/jpw/SSL/TLS+Certificates+-+Connecting+to+the+outside+world
gAUh,/jpw/Release+3.17
gwUh,/jpw/Role+DATA+-+Backup+(on+one+of+the+MASTER+Servers)
jgUh,/jpw/Update+jtel+system+to+3.18+and+later
lwUh,/jpw/E-Mail+Management
mQUh,/jpw/Troubleshooting+-+Google+GMail+Account
mwUh,/jpw/Confluence+Integration
ogUh,/jpw/Release+3.18
qQUh,/jpw/Differences+(and+similarities)+between+older+jboss+and+newer+wildfly+webservers
uAUh,/jpw/SSL/TLS+Certificates+-+Let's+Encrypt+Certificate
wAUh,/jpw/Report+Subscriptions+via+Command+Line
3QUh,/jpw/CentOS+8+-+Basic+Installation+as+VM+with+.ISO+Image+(CentOS8/Win2019)
BwYh,/jpw/CentOS+8+-+After+OS+Installation+(CentOS8/Win2019)
BAAEAQ,/jpw/SSL/TLS+Certificates+-+Configure+haproxy+for+several+subdomains
DgAEAQ,/jpw/Release+3.19
AQAOAQ,/jpw/Home+Office+Agents:+Agents+do+not+hear+the+customers+-+Customers+do+not+hear+agents+-+Both+sides+do+not+hear+each+other
jgMOAQ,/jpw/Dialler+Contacts+-+Import+/+Export
mgMOAQ,/jpw/REST
ngMOAQ,/jpw/Dialler+REST+API
oQMOAQ,/jpw/REST+API+Access
qQMOAQ,/jpw/Rolle+DATA+-+Jobs+Cleaner+(auf+den+SLAVE+Server,+der+die+Reports+erstellt)
rgMOAQ,/jpw/Dialler+REST+API+-+Dialler+Campaign+Functions
rwMOAQ,/jpw/Return+Codes
uAMOAQ,/jpw/Ports+that+jtel+requires+/+uses+through+VPN+on+a+customer+system
wgMOAQ,/jpw/Dialler+REST+API+-+Data+Structures
zwMOAQ,/jpw/General+Functions
1gMOAQ,/jpw/Dialler+REST+API+-+Dialler+Contact+Functions
2gMOAQ,/jpw/Postman+Collections
iAQOAQ,/jpw/Release+3.20
mgQOAQ,/jpw/Input+Menu+DTMF+Variable+List
pgQOAQ,/jpw/Users+Profiles+Runner
AQYOAQ,/jpw/CentOS+8.x+++Windows+Server+2019
CgYOAQ,/jpw/Basic+Installation+(CentOS8/Win2019)
DQYOAQ,/jpw/Conventions+(CentOS8/Win2019)
FgYOAQ,/jpw/Role+WEB+(CentOS8/Win2019)
IQYOAQ,/jpw/Role+CHAT+(CentOS8/Win2019)
YwYOAQ,/jpw/Role+DATA+(CentOS8/Win2019)
ZQYOAQ,/jpw/Role+DATA+-+All+Variants+(CentOS8/Win2019)
aQYOAQ,/jpw/Role+DATA+-+Master+/+Master+++2+Slaves+-+Redundant+(CentOS8/Win2019)
awYOAQ,/jpw/Role+DATA+-+Install+PlatformUDPListener+(CentOS8/Win2019)
bQYOAQ,/jpw/Role+DATA+-+First+Load+of+System+Data+(CentOS8/Win2019)
bwYOAQ,/jpw/Role+DATA+-+Start+Replication+(CentOS8/Win2019)
cQYOAQ,/jpw/Role+DATA+-+Backup+(CentOS8/Win2019)
hwYOAQ,/jpw/Role+STORE+(CentOS8/Win2019)
iQYOAQ,/jpw/Role+STORE+-+Non+Redundant+(CentOS8/Win2019)
kAYOAQ,/jpw/Role+STORE+-+Install+Applications+and+Data+(CentOS8/Win2019)
kwYOAQ,/jpw/Mounting+STORE+-+All+Linux+except+for+STORE+(CentOS8/Win2019)
EgcOAQ,/jpw/Supervisor+-+Inbound+Since:+Common+Criteria
FAcOAQ,/jpw/Windows+Base+System+(CentOS8/Win2019)
HwcOAQ,/jpw/Hosts+File+-+All+OS+(CentOS8/Win2019)
JwcOAQ,/jpw/Role+TEL+(CentOS8/Win2019)
ZgcOAQ,/jpw/Role+DATA+-+Simple+Master+/+Slave+(CentOS8/Win2019)
dgcOAQ,/jpw/Cluster+Configuration+(CentOS8/Win2019)
iwcOAQ,/jpw/Role+DATA+-+Cleaner+(CentOS8/Win2019)
kgcOAQ,/jpw/Role+DATA+-+Create+MySQL+User+for+Customer+Access+(CentOS8/Win2019)
wAcOAQ,/jpw/Supervisor+-+Wallboard+per+Group
DAgOAQ,/jpw/Role+LB+(CentOS8/Win2019)
FQgOAQ,/jpw/Role+LB+-+All+Variants+(CentOS8/Win2019)
HwgOAQ,/jpw/Role+LB+-+Non+Redundant+(CentOS8/Win2019)
JggOAQ,/jpw/Role+LB+-+haproxy+Configuration+(CentOS8/Win2019)
qAkOAQ,/jpw/Master+Data+REST+API
rAkOAQ,/jpw/Master+Data+REST+API+-+Data+Structures
sQkOAQ,/jpw/Master+Data+REST+API+-+AcdGroups+Functions
tgkOAQ,/jpw/Master+Data+REST+API+-+Users+Functions
uwkOAQ,/jpw/AcdEvents+REST+API
vgkOAQ,/jpw/AcdEvents+REST+API+-+AcdEventStatus+and+AcdEventType+Functions
wQkOAQ,/jpw/AcdEvents+REST+API+-+Data+Structures
zwkOAQ,/jpw/AcdEvents+REST+API+-+AcdEvent+Functions
8QkOAQ,/jpw/Role+REST+(CentOS8/Win2019)
9QkOAQ,/jpw/Improve+the+VoIP+Quality+of+Service+(QoS)+by+giving+a+higher+priority+to+SIP+packets
FwoOAQ,/jpw/Release+3.21
HQoOAQ,/jpw/Release+3.22
WAoOAQ,/jpw/Role+LB+-+OCSP+stapling+(CentOS8/Win2019)
cwoOAQ,/jpw/Supervisor+-+Inbound+Since
kwoOAQ,/jpw/Statistics+-+Value+References
mQoOAQ,/jpw/Value+Reference+-+AcdGroupEndReasons
AYBuAQ,/jpw/Chat+Report+Export
G4BuAQ,/jpw/ACD+Group+Information
KIBuAQ,/jpw/FAQ
K4BuAQ,/jpw/HowTo+/+Examples
NIBuAQ,/jpw/IVR+-+Introduction
QoBuAQ,/jpw/IVR+and+ACD+-+Simple+Whitelist+/+VIP+Routing
XYBuAQ,/jpw/Dynamic+Priority+Groups
XoBuAQ,/jpw/Statistics+Report+Subscriptions
YIBuAQ,/jpw/Chat+/+WhatsApp+Connectors
Z4BuAQ,/jpw/Workstations
aIBuAQ,/jpw/Presence+Connectors
boBuAQ,/jpw/FTP-Logs
c4BuAQ,/jpw/Supervisor+-+Cockpit+Variables
lIBuAQ,/jpw/Role+STORE+-+Redundant+(CentOS8/Win2019)
moBuAQ,/jpw/Redundancy+-+Installing+PCS+Cluster+(CentOS8/Win2019)
uYBuAQ,/jpw/Role+LB+-+Redundant+(CentOS8/Win2019)
CACKAQ,/jpw/Supervisor+-+Current+Calls
RQCKAQ,/jpw/Supervisor+-+Inbound+Inboxes
VACKAQ,/jpw/Supervisor+-+Dialler+Real+Time+View
YQCKAQ,/jpw/Supervisor+-+Media+Events
cQCKAQ,/jpw/Supervisor+-+All+Agents+/+Active+Agents
oQCKAQ,/jpw/Presence+Connectors+-+Cisco
rACKAQ,/jpw/Presence+Connectors+-+Innovaphone
rgCKAQ,/jpw/Presence+Connectors+-+Nfon
sACKAQ,/jpw/Presence+Connectors+-+Microsoft+Teams
5ACKAQ,/jpw/ACD+-+How+to+use+the+Stair+Function+effectively
GQGKAQ,/jpw/Workflow+Connectors
WwGKAQ,/jpw/jtel+ACD+MiniClient
YwGKAQ,/jpw/Install+MiniClient+Version+>=+2.27
ZgGKAQ,/jpw/MiniClient+Settings
aAGKAQ,/jpw/Download+Mini-Client
bQGKAQ,/jpw/Automatic+login+with+Mini+Client+and+Workstation+Name
cgGKAQ,/jpw/Embedding+in+3rd+Party+Applications
dAGKAQ,/jpw/Hotkey+Functions
0AGKAQ,/jpw/IVR+-+Prompt+Recording+by+Telephone
ZQKKAQ,/jpw/IVR+-+Input+and+Verification+of+a+Customer+Number
kQKKAQ,/jpw/Supervisor+-+Help+Requests
nAKKAQ,/jpw/Dynamic+Priority+Groups+-+Principle+of+Operation
uwKKAQ,/jpw/Dynamic+Priority+Groups+-+Editing
vwKKAQ,/jpw/Dynamic+Priority+Groups+-+Supervisor
DAOKAQ,/jpw/Supervisor+-+Media+History
DgOKAQ,/jpw/Media+Events+and+Types
_QOKAQ,/jpw/Chat+/+WhatsApp
DgSKAQ,/jpw/ACD+-+Working+As+System+Administrator
HgSKAQ,/jpw/Agent+Status+as+System+Administrator
NQSKAQ,/jpw/Recording+Opt-Out
QASKAQ,/jpw/Re-Enter+ACD
VASKAQ,/jpw/Debian+Linux+++Windows+Server+2019
VwSKAQ,/jpw/Debian+-+Basic+OS+Installation+from+ISO+(Debian/Win2019)
gQSKAQ,/jpw/Debian+-+After+Basic+OS+Installation+(Debian/Win2019)
iQSKAQ,/jpw/Hosts+File+-+All+OS+(Debian/Win2019)
nASKAQ,/jpw/Basic+Installation+(Debian/Win2019)
ngSKAQ,/jpw/Conventions+(Debian/Win2019)
owSKAQ,/jpw/Role+STORE+(Debian/Win2019)
pgSKAQ,/jpw/Role+STORE+-+Non+Redundant+(Debian/Win2019)
rASKAQ,/jpw/Role+STORE+-+Install+Applications+and+Data+(Debian/Win2019)
sASKAQ,/jpw/Mounting+STORE+-+All+Linux+except+for+STORE+(Debian/Win2019)
yQSKAQ,/jpw/Role+DATA+(Debian/Win2019)
zASKAQ,/jpw/Role+DATA+-+All+Variants+(Debian/Win2019)
zwSKAQ,/jpw/Role+DATA+-+Simple+Master+/+Slave+(Debian/Win2019)
0gSKAQ,/jpw/Role+DATA+-+Master+/+Master+++2+Slaves+-+Redundant+(Debian/Win2019)
1QSKAQ,/jpw/Role+DATA+-+Install+PlatformUDPListener+(Debian/Win2019)
2ASKAQ,/jpw/Role+DATA+-+Start+Replication+(Debian/Win2019)
2wSKAQ,/jpw/Role+DATA+-+First+Load+of+System+Data+(Debian/Win2019)
3gSKAQ,/jpw/Role+DATA+-+Backup+and+Cleaner+(Debian/Win2019)
5ASKAQ,/jpw/Role+DATA+-+Create+MySQL+User+for+Customer+Access+(Debian/Win2019)
8wSKAQ,/jpw/Cluster+Configuration+(Debian/Win2019)
-wSKAQ,/jpw/Role+WEB+(Debian/Win2019)
EwWKAQ,/jpw/Role+TEL+(Debian/Win2019)
PgWKAQ,/jpw/Windows+Base+System+(Debian/Win2019)
dgWKAQ,/jpw/Release+3.23
jgWKAQ,/jpw/Dossier
rgWKAQ,/jpw/Role+LB+(Debian/Win2019)
sgWKAQ,/jpw/Role+LB+-+All+Variants+(Debian/Win2019)
tgWKAQ,/jpw/Role+LB+-+Non+Redundant+(Debian/Win2019)
ugWKAQ,/jpw/Role+LB+-+Redundant+(Debian/Win2019)
vgWKAQ,/jpw/Role+LB+-+haproxy+Configuration+(Debian/Win2019)
8gWKAQ,/jpw/Agent+Status+-+Master+Data
-gWKAQ,/jpw/Agentenstatus+-+Tab+Restricted+Groups
BQaKAQ,/jpw/Agentenstatus+-+Tab+Skill-Adjustment
MgaKAQ,/jpw/Working+As+Client+Administrator
tgiKAQ,/jpw/Role+REST+(Debian/Win2019)
4wiKAQ,/jpw/SAP+Integration
5QiKAQ,/jpw/SAP+-+Introduction
5wiKAQ,/jpw/SAP+-+MiniClient+Widget+Integration
6QiKAQ,/jpw/SAP+-+Portal+Configuration
6wiKAQ,/jpw/IVR+Object+-+SAP+getCallerInformation
BwmKAQ,/jpw/SAP+-+getCallerInformation
LQmKAQ,/jpw/SAP+-+onClickToDial
PgmKAQ,/jpw/Agent+Status+-+Tab+Translations
RAmKAQ,/jpw/Service+Numbers
nQuKAQ,/jpw/ACD+Menü+-+Aggregation+Groups
pguKAQ,/jpw/Client+Attributes
sguKAQ,/jpw/Contacts
RROKAQ,/jpw/Historical+Reporting
TBOKAQ,/jpw/AcdB+-+AcdGetGroupCalls_GroupServiceNumber
UxOKAQ,/jpw/Statistics
VROKAQ,/jpw/ACDB+-+ACD+Group+KPIs
VxOKAQ,/jpw/AcdB+-+AcdGetAgentCalls_Group
WROKAQ,/jpw/AcdB+-+AcdGetAgentCalls_GroupServiceNumber
WxOKAQ,/jpw/Statistics+-+Reports
XROKAQ,/jpw/ACD-G-001+-+ACD+Groups+Report+1
XxOKAQ,/jpw/AcdB+-+AcdGetInServiceCallsByParam_GroupServiceNumber
ahOKAQ,/jpw/User+Data+-+Categories
bROKAQ,/jpw/jtel+E-Mail+Management
bxOKAQ,/jpw/Contact+Lists
kROKAQ,/jpw/Departments
mhOKAQ,/jpw/Supervisor+-+Tab+Custom+1,+Custom+2,+Custom+3
qhOKAQ,/jpw/Supervisor+-+Dynamic+Priority+Groups
rROKAQ,/jpw/Create+Group
QRSKAQ,/jpw/Redundancy+-+Installing+PCS+Cluster+(Debian/Win2019)
SRSKAQ,/jpw/Role+STORE+-+Redundant+(Debian/Win2019)
gRSKAQ,/jpw/AcdB+-+AcdAverageNumberAgents_Group
jBSKAQ,/jpw/AcdB+-+AcdGetAnswerDurationMax_GroupServiceNumber
jxSKAQ,/jpw/AcdB+-+AcdGetCallbackVoiceMailBooked_GroupServiceNumber
kBSKAQ,/jpw/IVR+Statistic+Markers
mBSKAQ,/jpw/Value+Reference+-+AcdGroupActionTypes
qxSKAQ,/jpw/Value+Reference+-+AcdGroupCheckPoints
sBSKAQ,/jpw/Value+Reference+-+Action+Codes
tBSKAQ,/jpw/Value+Reference+-+Conference+Roles
txSKAQ,/jpw/Value+Reference+-+Languages
uxSKAQ,/jpw/Value+Reference+-+CONNRES
vxSKAQ,/jpw/Value+Reference+-+CauseCodes
whSKAQ,/jpw/Value+Reference+-+AcdEventTypes
xRSKAQ,/jpw/Value+Reference+-+AcdEventStatus
yBSKAQ,/jpw/Value+Reference+-+AcdEventSpoolStatus
yhSKAQ,/jpw/Value+Reference+-+AcdEventSpoolTypes
zBSKAQ,/jpw/Value+Reference+-+AcdEventSpoolErrorCodes
zxSKAQ,/jpw/Value+Reference+-+AcdCallStates
0hSKAQ,/jpw/Value+Reference+-+AcdAgentStatus
2RSKAQ,/jpw/Data+Relations
7RSKAQ,/jpw/AcdB+-+AcdGetAgentAnsweredCalls_Group
8xSKAQ,/jpw/Set+Statistics-Markers+(Variable)
BBWKAQ,/jpw/Query+Statistics-Marker
CxWKAQ,/jpw/AcdB+-+AcdGetAgentBusyCalls_Group
DhWKAQ,/jpw/AcdB+-+AcdGetAgentNoAnsweredCalls_Group
IRWKAQ,/jpw/Query+Statistics-Marker+(Variable)
JRWKAQ,/jpw/AcdB+-+AcdGetAgentTotalTimeCalls_Group
KhWKAQ,/jpw/AcdB+-+AcdGetCallBackCalls_Group
PhWKAQ,/jpw/AcdB+-+AcdGetCallDuration_GroupServiceNumber
QBWKAQ,/jpw/AcdB+-+AcdGetCallDurationMax_GroupServiceNumber
QxWKAQ,/jpw/AcdB+-+AcdGetCallerHangupCallsByGroupEndReason_GroupServiceNumber
RhWKAQ,/jpw/AcdB+-+AcdGetCallerHangupCallsDuration_GroupServiceNumber
VBWKAQ,/jpw/AcdB+-+AcdGetCallerHangupCallsDurationMax_GroupServiceNumber
XRWKAQ,/jpw/AcdB+-+AcdGetCalls_Group
ZRWKAQ,/jpw/AcdB+-+AcdGetHangupsBeforeQueue_Group
ZxWKAQ,/jpw/AcdB+-+AcdGetHangupsQueue_Group
aRWKAQ,/jpw/AcdB+-+AcdGetInServiceCallsByParam_Group
bRWKAQ,/jpw/AcdB+-+AcdGetInServiceCallsByParam_Group_QueueStart
bxWKAQ,/jpw/AcdB+-+AcdGetInTimeHangupCalls_Group
chWKAQ,/jpw/AcdB+-+AcdGetInTimeHangupCallsByParam_GroupServiceNumber
dRWKAQ,/jpw/AcdB+-+AcdGetParallelCallsMax_Group
dxWKAQ,/jpw/AcdB+-+AcdGetPostCallCount_Group
eRWKAQ,/jpw/AcdB+-+AcdGetPostCallCount_GroupServiceNumber
fBWKAQ,/jpw/AcdB+-+AcdGetPostCallCounter_Group
fhWKAQ,/jpw/AcdB+-+AcdGetPostCallDuration_GroupServiceNumber
gBWKAQ,/jpw/AcdB+-+AcdGetPostCallTotalTime_Group
ghWKAQ,/jpw/AcdB+-+AcdGetQueueClosedCallsByGroupEndReason_GroupServiceNumber
hBWKAQ,/jpw/AcdB+-+AcdGetQueueFullCallsByGroupEndReason_GroupServiceNumber
hhWKAQ,/jpw/AcdB+-+AcdGetQueueLeaveByDtmfCallsGroupEndReason_GroupServiceNumber
iBWKAQ,/jpw/AcdB+-+AcdGetQueueLeaveOtherCallsByGroupEndReason_Group
ihWKAQ,/jpw/AcdB+-+AcdGetQueueLeaveVoiceMailCallsByGroupEndReason_Group
jBWKAQ,/jpw/AcdB+-+AcdGetQueueNoImmediateDiestributelCalls_Group
jhWKAQ,/jpw/AcdB+-+AcdGetQueueTimeoutCallsByGroupEndReason_GroupServiceNumber
kBWKAQ,/jpw/AcdB+-+AcdGetQueueTotalCalls_Group
khWKAQ,/jpw/AcdB+-+AcdGetRingingDuration_Group
lhWKAQ,/jpw/AcdB+-+AcdGetRingingDurationAvg_Group
mBWKAQ,/jpw/AcdB+-+AcdGetRingingIncomingDuration_Group
mhWKAQ,/jpw/AcdB+-+AcdGetRingingIncomingDurationAvg_Group
nBWKAQ,/jpw/AcdB+-+AcdGetRuleBeforeQueueOthersCallsByGroupEndReason_Group
nhWKAQ,/jpw/AcdB+-+AcdGetRuleBeforeQueueVoiceMailCallsByGroupEndReason_Group
oBWKAQ,/jpw/AcdB+-+AcdGetShortHangupsQueue_Group
ohWKAQ,/jpw/AcdB+-+AcdGetSystemHangupCallsByGroupEndReason_GroupServiceNumber
pBWKAQ,/jpw/AcdB+-+AcdGetTotalAgents_Group
phWKAQ,/jpw/AcdB+-+AcdGetTotalOtherCalls_Group
qBWKAQ,/jpw/AcdB+-+AcdGetTotalServiceCalls_Group
qhWKAQ,/jpw/AcdB+-+AcdGetTotalTimeHangupCalls_Group
rBWKAQ,/jpw/AcdB+-+AcdGetTranferredCalls_Group
rhWKAQ,/jpw/AcdB+-+AcdGetTransferredCallsByAgent_GroupServiceNumber
sBWKAQ,/jpw/AcdB+-+AcdGetVoiceMailCalls_Group
shWKAQ,/jpw/AcdB+-+AcdGetWaitingTimeLongHangup_Group
tBWKAQ,/jpw/AcdB+-+AcdGetWaitingTimeTotalAnswered_Group
AYAWAg,/jpw/Prompt+Containers+or+International+Call+Flows+made+Easy
F4AWAg,/jpw/Switch+Service-Number
HIAWAg,/jpw/Switch+Service-Number+(Variable)
MIAWAg,/jpw/Language+Change
N4AWAg,/jpw/Value+Reference+-+AcdLoginType+/+LoginActionCode
RIAWAg,/jpw/ACDB+-+ACD+Group+Service+Number+KPIs
R4AWAg,/jpw/AcdB+-+AcdGetAgentAutoLogOff_Group
SYAWAg,/jpw/AcdB+-+AcdGetAgentAutoLogOffBusy_Group
S4AWAg,/jpw/AcdB+-+AcdGetAgentAutoLogOffDaemon_Group
TYAWAg,/jpw/AcdB+-+AcdGetAgentAutoLogOffNoAnswer_Group
T4AWAg,/jpw/AcdB+-+AcdGetAgentLoginCount_Group
UYAWAg,/jpw/AcdB+-+AcdGetAgentLoginTime_Group
U4AWAg,/jpw/AcdB+-+AcdGetAgentLoginTimeMax_Group
XIAWAg,/jpw/AcdB+-+AcdGetAnsweredCallsAgent_Group
XoAWAg,/jpw/AcdB+-+AcdGetBreakingCountAgent_Group
YIAWAg,/jpw/AcdB+-+AcdGetBreakingDurationAgent_Group
YoAWAg,/jpw/AcdB+-+AcdGetBreakingDurationAgentMax_Group
ZIAWAg,/jpw/AcdB+-+AcdGetBusyCallsAgent_Group
ZoAWAg,/jpw/AcdB+-+AcdGetEnquiryCountAgent_Group
aIAWAg,/jpw/AcdB+-+AcdGetEnquiryDurationAgent_Group
aoAWAg,/jpw/AcdB+-+AcdGetEnquiryDurationAgentMax_Group
bIAWAg,/jpw/AcdB+-+AcdGetGroupCalls_Agent
boAWAg,/jpw/AcdB+-+AcdGetNoAnswerCallsAgent_Group
cIAWAg,/jpw/AcdB+-+AcdGetPostCallCountAgent_Group
coAWAg,/jpw/AcdB+-+AcdGetPostCallDurationAgent_Group
dIAWAg,/jpw/AcdB+-+AcdGetPostCallDurationAgentMax_Group
doAWAg,/jpw/AcdB+-+AcdGetRingingCalls_Group
eIAWAg,/jpw/AcdB+-+AcdGetRingingDurationAgent_Group
eoAWAg,/jpw/AcdB+-+AcdGetRingingDurationMaxAgent_Group
fIAWAg,/jpw/AcdB+-+AcdGetTalkingDurationAgent_Group
foAWAg,/jpw/AcdB+-+AcdGetTalkingDurationAgentMax_Group
7IMWAg,/jpw/Service+Number+Statistics
G4QWAg,/jpw/Release+3.25
I4QWAg,/jpw/Release+3.24
AgApAg,/jpw/ACD-A-001+-+ACD+Agent+Calls+Report+1
BgApAg,/jpw/Statistics+-+Table+References
CQApAg,/jpw/Table+Reference+-+StatisticsPartA+(A)
CwApAg,/jpw/Table+Reference+-+AcdStatisticsPartB+(AcdB)
DQApAg,/jpw/Table+Reference+-+StatisticsPartB+(B)
EAApAg,/jpw/Table+Reference+-+StatisticsPartO
EwApAg,/jpw/ACD-A-002+-+ACD+Agent+Calls+Report+2+and+Variants
GAApAg,/jpw/ACD-A-010+-+ACD+Automatic+Logout+Report
OAApAg,/jpw/ACD-A-006+-+ACD+Agent+Report+2
PAApAg,/jpw/ACD-A-003+-+ACD+Agent+Performance+Report
QgApAg,/jpw/ACD-A-004+-+ACD+Agent+Performance+Report+Current+Agent
SwApAg,/jpw/ACD-A-005+-+ACD+Agent+Report+1
VAApAg,/jpw/B+-+ACD+Agents+KPIs
VgApAg,/jpw/B+-+AcdGetACDCalls_Agent
WAApAg,/jpw/B+-+AcdGetACDTakenCalls_Agent
WwApAg,/jpw/B+-+AcdGetACDCallsDuration_Agent
YAApAg,/jpw/B+-+AcdGetACDCallsDurationAvg_Agent
YgApAg,/jpw/B+-+AcdGetACDOutdialCalls_Agent
ZAApAg,/jpw/B+-+AcdGetACDOutdialTakenCalls_Agent
ZgApAg,/jpw/B+-+AcdGetACDOutdialCallsDuration_Agent
aAApAg,/jpw/B+-+AcdGetACDOutdialCallsDurationAvg_Agent
agApAg,/jpw/B+-+AcdGetACDTransferAgentCalls_Agent
bAApAg,/jpw/B+-+AcdGetACDTransferAgentTakenCalls_Agent
bgApAg,/jpw/B+-+AcdGetACDTransferAgentCallsDuration_Agent
cQApAg,/jpw/B+-+AcdGetACDTransferAgentCallsDurationAvg_Agent
cwApAg,/jpw/B+-+AcdGetPostCalls_Agent
dQApAg,/jpw/B+-+AcdGetPostTakenCalls_Agent
dwApAg,/jpw/B+-+AcdGetPostCallDuration_Agent
eQApAg,/jpw/B+-+AcdGetPostCallDurationAvg_Agent
ewApAg,/jpw/ACD-A-007+-+ACD+Agent+Report+3
mgApAg,/jpw/AcdB+-+AcdGetNotInServiceCallsByParam_GroupServiceNumber
tgApAg,/jpw/AcdB+-+AcdGetNotInTimeHangupCallsByParam_GroupServiceNumber
vQApAg,/jpw/AcdB+-+AcdGetAnswerDuration_GroupServiceNumber
yQApAg,/jpw/PCS+Cluster+Timeout
zgApAg,/jpw/ACD-G-002+-+ACD+Groups+Report+3+and+variants
1wApAg,/jpw/ACD-G-003+-+ACD+Groups+Report+4+and+variant
3gApAg,/jpw/Statistics+-+KPIs
5AApAg,/jpw/Table+Reference+-+AcdCallNotes
5gApAg,/jpw/Table+Reference+-+AcdStatisticsEventTransactionCodes
6AApAg,/jpw/Table+Reference+-+AcdStatisticsLogin
6gApAg,/jpw/Table+Reference+-+AcdStatisticsPartC
7AApAg,/jpw/Table+Reference+-+AcdStatisticsPartD
7gApAg,/jpw/Table+Reference+-+AcdStatisticsTransactionCodes
8QApAg,/jpw/Table+Reference+-+ConfStatsPartA
8wApAg,/jpw/Table+Reference+-+ConfStatsPartB
9QApAg,/jpw/Table+Reference+-+ConfStatsPartI
9wApAg,/jpw/Table+Reference+-+StatisticsClick2DialNoPortal
_QApAg,/jpw/Table+Reference+-+StatisticsDiallerCampaigns
_wApAg,/jpw/Table+Reference+-+StatisticsPartIVR
-QApAg,/jpw/Table+Reference+-+StatisticsPartK+<Deprecated>
-wApAg,/jpw/Table+Reference+-+StatisticsPartR1
AQEpAg,/jpw/Table+Reference+-+StatisticsPartR2
BAEpAg,/jpw/Table+Reference+-+StatisticsPartT
BgEpAg,/jpw/Table+Reference+-+StatisticsPartTI
CAEpAg,/jpw/Table+Reference+-+StatisticsPartZ
DQEpAg,/jpw/SalesForce+-+Troubleshooting+OAUTH+Problems
HgEpAg,/jpw/Statistics+-+Not+Ready+To+Publish
YQEpAg,/jpw/ACD-TAC-002+-+ACD+Transaction+Code+Report+2
ZAEpAg,/jpw/A+-+Service+Number+KPIs
ZwEpAg,/jpw/A+-+AcdGetIvrStatisticsMarkers_Count
agEpAg,/jpw/A+-+AcdGetIvrStatisticsMarkers_CountCalls
bgEpAg,/jpw/A+-+AcdGetCalls_ServiceNumbers
cAEpAg,/jpw/A+-+AcdGetParallelCallsMax_ServiceNumbers
cgEpAg,/jpw/A+-+AcdGetPostCallCount_ServiceNumbers
dAEpAg,/jpw/A+-+AcdGetTotalServiceCalls_ServiceNumbers
dgEpAg,/jpw/A+-+AcdGetInServiceCalls_ServiceNumbers
eAEpAg,/jpw/A+-+AcdGetNotInServiceCalls_ServiceNumbers
egEpAg,/jpw/A+-+AcdGetTotalTimeHangupCalls_ServiceNumbers
fQEpAg,/jpw/A+-+AcdGetInTimeHangupCalls_ServiceNumbers
fwEpAg,/jpw/A+-+AcdGetNotInTimeHangupCalls_ServiceNumbers
gQEpAg,/jpw/A+-+AcdGetRingingIncomingDuration_ServiceNumbers
gwEpAg,/jpw/A+-+AcdGetRingingIncomingDurationAvg_ServiceNumbers
hQEpAg,/jpw/A+-+AcdGetRingingAgentDuration_ServiceNumbers
hwEpAg,/jpw/A+-AcdGetRingingAgentDurationAvg_ServiceNumbers
iQEpAg,/jpw/A+-+AcdGetTotalAgents_ServiceNumbers
iwEpAg,/jpw/A+-+AcdGetCallBackCalls_ServiceNumbers
jQEpAg,/jpw/A+-+AcdGetVoiceMailCalls_ServiceNumbers
jwEpAg,/jpw/A+-+AcdGetHangupsBeforeQueue_ServiceNumbers
kQEpAg,/jpw/A+-+AcdGetHangupsQueue_ServiceNumbers
kwEpAg,/jpw/A+-+AcdGetTotalOtherCalls_ServiceNumbers
lQEpAg,/jpw/ACD-S-001+-+Service+Numbers+Report+1+(Inbound+and+Outbound)
pQEpAg,/jpw/IVR-001+-+IVR+Statistics+Report
tgEpAg,/jpw/Role+CHAT+(Debian/Win2019)
zQEpAg,/jpw/ACD-TAC-003+-+ACD+Transaction+Code+Report+3
1AEpAg,/jpw/DIAL-001+-+Dialler+Campaigns+Itemised+Calls+Report
3gEpAg,/jpw/DIAL-002+-+Dialler+Campaigns+Results+Report
6gEpAg,/jpw/System+Health+Check
8wEpAg,/jpw/ACD-A-011+-+Login+/+Logout+Report
-wEpAg,/jpw/ACD-A-008+-+Agents+Itemised+Calls+Details+(Inbound+and+Outbound)
BAIpAg,/jpw/IVR+-+Variables+in+Service+Number+Parameters
zAIpAg,/jpw/Chat+Protocol
1wIpAg,/jpw/ACD-001+-+ACD+Incoming+Calls+Report
3QIpAg,/jpw/ACD-003+-+Outbound+Statistics+Report
4QIpAg,/jpw/AcdB+-+AcdGetErrorHangupCallsByGroupEndReason_GroupServiceNumber
9AIpAg,/jpw/Supervisor
RQMpAg,/jpw/Menu+Number+Management+-+Country+Codes
TAMpAg,/jpw/Global+Black+List
TwMpAg,/jpw/Holidays
jwQpAg,/jpw/ACD-G-004+-+ACD+Groups+Report+2
kQQpAg,/jpw/System+Settings+-+TTS+Engines
sgQpAg,/jpw/ACD-G-005+-+ACD+Groups+Report+5
xQQpAg,/jpw/ACD-G-012+-+ACD+Groups+Report+7
AYBbAg,/jpw/ACD-TAC-005+-+ACD+Transaction+Codes+Overview
A4BbAg,/jpw/ACD-TAC-006+-+ACD+Transaction+Codes+Sums+Evaluation
C4BhAg,/jpw/ACD-A-015+-+ACD+Agent+Report+4
DYBhAg,/jpw/ACD-A-013+-+ACD+Statistics+Agent+Calls
uoBhAg,/jpw/ACD-S-002+-+Service+Numbers+Report+2+(Inbound+ACD)+and+variant
vIBhAg,/jpw/ACD-S-003+-+Service+Numbers+Report+4+(Inbound+ACD,+Standard+Opening+Times)
voBhAg,/jpw/ACD-S-004+-+Service+Numbers+Report+5+(Inbound+Call+Counters+Grouped+by+Billing+Number)
wIBhAg,/jpw/ACD-S-005+-+Service+Numbers+Report+6+(Inbound+Calls+and+Availability+Grouped+by+Billing+Number)
0IBhAg,/jpw/AcdB+-+AcdGetMaxDurationTimeInQueue_GroupServiceNumber
04BhAg,/jpw/AcdB+-+AcdGetMaxDurationTimeInQueueUntilAbort_GroupServiceNumber
3IBhAg,/jpw/Statistics+-+Ready+To+Publish
5YBhAg,/jpw/B+-+AcdGetAgentCalls_ServiceNumbers
7YBhAg,/jpw/Redundanz
94BhAg,/jpw/Windows+Defender+-+Performance+and+Functional+Problems+on+Telephony+Server
-4BhAg,/jpw/Update+8-Server+to+Release+5.23.17+and+above
BIFhAg,/jpw/Teams+-+Presence+Connector+funktionert+nicht+ordnungsgemäß
NIFhAg,/jpw/Compressed+Stats+-+CompressedA
NoFhAg,/jpw/Compressed+Stats+-+CompressedU
PIFhAg,/jpw/Compressed+Stats+-+CompressedUA
R4FhAg,/jpw/AcdB+-+AcdGetDurationEdit_GroupServiceNumber
TYFhAg,/jpw/ACD-G-013+-+ACD+Groups+Report+8
XYFhAg,/jpw/ACD-G-014+-+ACD+Groups+Report+9
ZIFhAg,/jpw/ACD-G-015+-+ACD+Groups+Report+10
gIFhAg,/jpw/ACD-G-011+-+ACD+Groups+Report+6
sIFhAg,/jpw/Supervisor+-+Wallboard
8IJhAg,/jpw/Display+of+PBX+Telephone+Status+delayed
FINhAg,/jpw/IVR-003+-+IVR+Statistics+Report+2
IINhAg,/jpw/Installation+->+Required+Internet+Access
I4NhAg,/jpw/Time+Synchronization+not+working
JYNhAg,/jpw/AcdEvents+cleaner+configuration+-+Andrey
PoNhAg,/jpw/System+Settings+-+Presence+Connectors
BYRhAg,/jpw/CRM++Integration
CIRhAg,/jpw/CRM++First+Steps
FIRhAg,/jpw/CRM++Configuration+in+the+jtel+Portal
HIRhAg,/jpw/CRM++Querying
LoRhAg,/jpw/IVR+Object+-+CRM++Query
4IRhAg,/jpw/Working+as+a+system+administrator+-+Menu+"User+Data"+-+"User+Master+Data"
6IRhAg,/jpw/Working+as+a+system+administrator+-+Menu+"User+Data"+-+"Users"
IoVhAg,/jpw/Working+as+a+system+administrator+-+Menu+"User+Data"+-+"Clients"
Z4VhAg,/jpw/Build+an+Example+Self-Service
v4VhAg,/jpw/Incoming+Call+Processing
JoZhAg,/jpw/Control+Functions+REST+API
KoZhAg,/jpw/Control+Functions+-+User
MIZhAg,/jpw/Release+3.26
ToZhAg,/jpw/ACD-006+-+ACD+Statistics+One+Line+Call+Details
UoZhAg,/jpw/ACD+Group+-+Parameters
ZIZhAg,/jpw/ACD+Group+Parameters+-+REST+Calls+(Telephony+Events)
gYZhAg,/jpw/Routing
AgDYAg,/jpw/MiniClient+Panel+Application
bgDhAg,/jpw/Signaling+-+Manual+Callback+Media+Events
zQLhAg,/jpw/Install+JTEL_UDF_LIB+Plugin
sYAhAw,/jpw/Release+3.27
8YMhAw,/jpw/Wait
MIQhAw,/jpw/Microsoft+Teams
MoQhAw,/jpw/Teams+-+jtel+Portal+Setup
NIQhAw,/jpw/Teams+-+Presence+Status+Connector
c4QhAw,/jpw/Processing+of+Emails+by+Agents
fIQhAw,/jpw/Ringing
xIQhAw,/jpw/Group+Rule+-+Overview+ACD+callback+and+voicemail
y4QhAw,/jpw/Copying+existing+jtel+report+into+a+custom+report
14QhAw,/jpw/Synonyms
IYUhAw,/jpw/Release+3.28
KoUhAw,/jpw/Update+from+Release+3.23+and+above
EoBqAw,/jpw/Sitemap
LoBqAw,/jpw/CockpitVariables+REST+API
MIBqAw,/jpw/Cockpit+Variables+REST+API+-+Data+Structures
MoBqAw,/jpw/Cockpit+Variables+REST+API+-+CockpitVariables+Functions
NoBqAw,/jpw/Update+wildfly+Server
dYBqAw,/jpw/ACD+Agent+Home+-+Call+Transfer
m4BqAw,/jpw/OS+Updates
oYBqAw,/jpw/Call-Recording:+"One+way+Recording"
qYBqAw,/jpw/Call+Recording+OPT+IN
wYBqAw,/jpw/Maximum+Outbound+Ring+Duration+-+Parameters
D4FqAw,/jpw/jtel+Starface+V6.2+Connector+-+HTTPS+Configuration
BIJqAw,/jpw/R-S-001+-+Rawdata+-+Service+Numbers+Itemised+Call+Details
I4JqAw,/jpw/Monitoring
UYJqAw,/jpw/Virus+Scanner+-+Required+Exceptions
a4JqAw,/jpw/IPsec+VPN
tYJqAw,/jpw/IPSec+VPN+Setting-Requirements
2IJqAw,/jpw/Starface
2oJqAw,/jpw/Starface+-+General+Information
4YJqAw,/jpw/Starface+V6.2+Connector
_oJqAw,/jpw/createCallback
-oJqAw,/jpw/Sample+Apex+Class+createCallback
DYNqAw,/jpw/ACD+Group+-+Parameters+-+REST+Calls+(Create+Callback)
IINqAw,/jpw/Starface+Glossary
j4NqAw,/jpw/APIs+-+REST+-+General+functions+-+Languages
l4NqAw,/jpw/APIs+-+REST+-+General+functions+-+Acd+Groups
nYNqAw,/jpw/APIs+-+REST+-+General+functions+-+Service+Numbers
p4NqAw,/jpw/APIs+-+REST+-+Acd+-+Agent+status
sINqAw,/jpw/APIs+-+REST+-+Calls
0INqAw,/jpw/Shutdown/Startup+Procedure+-+Small+V1
0oNqAw,/jpw/Shutdown/Startup+Procedure+-+Small+V2
1INqAw,/jpw/Shutdown/Startup+Procedure+-+Small+V3
1oNqAw,/jpw/Shutdown/Startup+Procedure+-+Medium+V1
2INqAw,/jpw/Shutdown/Startup+Procedure+-+Medium+V2
2oNqAw,/jpw/Shutdown/Startup+Procedure+-+Large+V1+-+Redundant+Databases
3INqAw,/jpw/Shutdown/Startup+Procedure+-+Large+V2+-+Redundant+Databases+++Load+Balancing
3oNqAw,/jpw/Shutdown/Startup+Procedure+-+Large+V3+-+Redundant+Databases+++Load+Balancing+++Storage
-YNqAw,/jpw/Shutdown/Startup+Procedure+-+Redundancy+-+Controlled+Failover+and+Failback
F4RqAw,/jpw/Required+Port+Configuration
N4RqAw,/jpw/Email+management+within+the+contact+center
QIRqAw,/jpw/Copy+from+an+existing+Report+to+customize+my+own+Reports
XYRqAw,/jpw/What+happens+when+all+Resources+(SIP-Licenses)+are+in+use+and+another+call+comes+in
sYRqAw,/jpw/Innovaphone+integration+with+Salesforce
voRqAw,/jpw/Release+3.29
L4VqAw,/jpw/Innovaphone+Cloud+PBX
QYVqAw,/jpw/AcdAgentStatus+REST+API
Q4VqAw,/jpw/AcdAgentStatus+REST+API+-+Data+Structures
RoVqAw,/jpw/AcdAgentStatus+REST+API+-+AcdAgentStatus+Functions
TYVqAw,/jpw/CallControl+REST+API
T4VqAw,/jpw/CallControl+REST+API+-+Functions
U4VqAw,/jpw/CallControl+REST+API+-+Data+Structures
WoVqAw,/jpw/Routing+Applications+REST+API
XIVqAw,/jpw/Routing+Applications+REST+API+-+Data+Structures
XoVqAw,/jpw/Routing+Applications+REST+API+-+Functions
ZYVqAw,/jpw/Network+IVR+Lists+REST+API
Z4VqAw,/jpw/Network+IVR+Lists+REST+API+-+Data+Structures
aYVqAw,/jpw/Network+IVR+Lists+REST+API+-+Functions
boVqAw,/jpw/Swagger
dIVqAw,/jpw/Master+Data+REST+API+-+Languages+Functions
doVqAw,/jpw/Master+Data+REST+API+-+ServiceNumbers+Functions
u4VqAw,/jpw/Media+History+and+Types
GoZqAw,/jpw/Setup+in+Innovaphone
HIZqAw,/jpw/Setup+in+Salesforce
H4ZqAw,/jpw/App+Overview
IYZqAw,/jpw/Usage
b4ZqAw,/jpw/jtel+Release+Update+-+Testing+Checklist
AYBhB,/jpw/createVoiceMail
BIBhB,/jpw/Sample+Apex+Class+createVoiceMail
C4BhB,/jpw/AcdEvent+JSON+Structure
EIBhB,/jpw/ACD+Group+-+Parameters+-+REST+Calls+(Create+Voice+Mail)
eoBhB,/jpw/Group+Rule+-+Voice+Mail+-+Call+Flow
k4BhB,/jpw/Group+Rule+-+Request+Callback+-+Call+Flow
qYBhB,/jpw/Group+Rule+-+Request+Callback+2+-+Call+Flow
tYBhB,/jpw/Group+Rule+-+Request+Callback+3+-+Call+Flow
1YBhB,/jpw/Group+Rule+-+Request+Callback+or+Voice-Mail+-+Call+Flow
DoFhB,/jpw/ACD+Call-Flow
2IFhB,/jpw/Teams+Rules+and+Routing+in+the+IVR+and+ACD
C4JhB,/jpw/Run+Script
XoJhB,/jpw/Enable+legacy+authentication+for+Office+365+account
jYJhB,/jpw/Create+an+Azure+AD+App+with+Graph+permissions+for+Mail
1IJhB,/jpw/ACD+Group+-+Parameters+-+Callback+-+SMS+Confirmations
DINhB,/jpw/Release+3.30
R4NhB,/jpw/Configuration+of+SMTP+utility+for+Debian
UYRhB,/jpw/ACD-TAC-007+-+ACD+Transaction+Codes+Service+Numbers+Report
_oRhB,/jpw/Task+Scheduler
A4VhB,/jpw/Task+Reschedule
GYVhB,/jpw/Release+3.31
LoZhB,/jpw/Azure+Login+Configuration
TYZhB,/jpw/Teams+-+Testing+the+API+with+Postman
oYZhB,/jpw/Teams+-+Configure+Jtel+Portal+in+Microsoft+Teams
OIdhB,/jpw/Teams+-+Teams+Profiles
aodhB,/jpw/Release+3.32
r4dhB,/jpw/Update+jrest+and+presence-aggregator
zIdhB,/jpw/SSL/TLS+Certificates+-+Accessing+your+jtel+portal+via+https
FYhhB,/jpw/ACD-E-001+-+ACD+Events+Details+Report
d4hhB,/jpw/Compressed+Stats+-+CompressedACDB
fIhhB,/jpw/CompressedACDB
hYhhB,/jpw/Connecting+SBCs
oohhB,/jpw/JTELStats2+-+Calabrio+Queue+Report
pIhhB,/jpw/JTELStats2+-+Calabrio+Agent+Queue+Report
pohhB,/jpw/JTELStats2+-+Calabrio+Agent+Report
DYlhB,/jpw/Release+3.33
IwBXBg,/jpw/jtel+Cloud+TTS
AgBrBg,/jpw/Supervisor+-+Thresholds+for+Table+Columns
JQBrBg,/jpw/Customization+of+Agent+Home+and+Mini+Client+Displays
BoCJBg,/jpw/genericQuery
CICJBg,/jpw/Sample+Apex+Class+genericQuery
DICJBg,/jpw/IVR+Object+genericQuery
